0,4.977,16.925,19.354,17.348,0,3.0428,10.368,13.887,15.663,0,2.1127,10.14,14.534,16.271,0,3.3884,12.434,12.77,19.322,0,2.7907,8.8913,9.7609,13.662,0,2.9067,9.2722,12.135,18.863,0,3.2609,8.9064,9.6538,13.978,0,4.5968,11.405,13.882,18.721,0,6.7323,8.7201,9.1773,11.324,0,4.4067,10.286,11.347,17.569
0.033212,5.0266,16.066,18.443,15.798,0.032956,2.474,8.8491,9.1308,12.496,0.032804,1.7831,7.8544,6.9914,11.298,0.032911,2.7804,10.342,10.755,15.15,0.03529,2.2692,6.9695,8.0161,8.0714,0.033037,2.3092,7.0332,5.8942,8.434,0.0314,3.0836,6.381,5.2369,6.2593,0.035285,3.6595,9.3718,10.51,12.796,0.032469,6.3472,5.3872,2.3573,4.2034,0.035666,3.8827,7.5558,9.0434,10.78
0.068577,5.1011,15.124,17.291,15.005,0.064886,2.0964,7.31,7.5211,8.1427,0.067186,1.1787,6.3628,5.0245,5.9556,0.068383,2.4489,8.6627,6.7944,10.26,0.068206,1.7676,2.513,1.4408,2.7595,0.068014,2.2692,0.41421,0.37697,1.0106,0.065494,2.8993,2.4695,1.848,0.67653,0.068717,3.2499,7.0254,8.0611,8.6846,0.067017,6.0446,2.4522,2.2187,2.1591,0.068659,3.4664,5.9382,5.6254,6.6519
0.10021,4.8907,14.52,16.873,13.611,0.10016,2.1794,6.076,4.9422,5.0644,0.09959,0.89372,1.2531,0.38055,0.73829,0.10139,2.4215,7.2317,4.1039,5.4569,0.099776,2.0132,1.2291,2.3335,1.3754,0.099721,1.7657,0.48653,3.9415,3.847,0.099808,2.9334,0.22464,5.3912,5.405,0.10109,3.3007,5.7145,4.5709,5.1697,0.09935,2.9126,0.82434,6.6549,6.529,0.10107,3.1588,4.4722,3.3853,3.8054
0.13201,4.8699,14.032,15.899,12.868,0.13316,1.8649,2.6877,1.3596,1.5969,0.1335,0.79682,0.12349,3.2078,3.4049,0.13471,2.2911,5.5357,1.3557,1.3678,0.13515,1.7898,0.23411,3.13,3.4825,0.13161,1.0944,2.2909,7.4122,5.8931,0.13217,2.0868,2.6302,9.2602,9.4452,0.13568,3.0122,4.7328,2.9738,2.8581,0.13324,2.2852,0.7147,8.0176,8.9985,0.13499,2.8537,3.5559,1.6004,2.0206
0.16867,5.1506,13.546,15.274,12.301,0.16563,1.4586,1.9594,1.8772,0.59189,0.16643,0.10895,1.5545,6.8316,7.2917,0.1676,2.0815,0.71952,2.7774,2.973,0.16755,1.214,0.74278,4.5524,5.3309,0.16826,0.49076,3.5879,8.9365,8.3073,0.16508,1.4273,3.8462,10.22,10.722,0.1686,2.8021,3.2128,1.2654,0.91871,0.16693,2.8596,2.6067,9.5889,10.613,0.16793,2.5127,3.0788,0.82906,1.2683
0.1993,5.0454,13.045,12.991,12.425,0.20008,1.3593,1.2338,2.3936,0.75076,0.20038,0.053439,3.4649,9.2213,10.548,0.20034,1.7086,0.33913,5.105,5.3543,0.2005,1.1154,1.4608,6.6858,5.7203,0.20097,0.3553,3.9998,9.2635,8.7896,0.20014,1.3707,4.7213,10.929,11.552,0.20075,2.913,2.4243,1.6257,1.1672,0.19768,2.5315,2.9744,10.339,10.901,0.20079,2.4502,2.5503,0.96787,0.9113
0.23209,5.068,12.626,12.171,10.875,0.23302,1.1707,0.6414,2.7192,1.5063,0.23416,0.40075,4.8876,11.735,12.946,0.23443,1.4654,1.094,6.5807,7.0756,0.23438,0.92743,2.5463,10.7,7.465,0.23335,0.2322,4.1737,9.3704,8.7043,0.23187,1.5181,4.6908,11.158,11.068,0.23585,2.8746,1.9426,2.2274,1.877,0.23204,3.2793,3.281,10.694,10.336,0.23551,2.3358,2.0969,1.3535,0.73766
0.26791,5.4066,12.042,12.141,9.9261,0.26431,0.80443,0.31097,3.1725,2.1909,0.26616,0.86275,6.4099,13.502,14.714,0.26593,0.99769,1.5555,7.7788,8.7258,0.26634,0.46705,3.0047,10.089,8.1161,0.26781,0.11138,4.3765,9.2045,7.9276,0.26578,1.0731,4.5121,11.218,9.8969,0.26876,2.5077,1.7054,2.702,1.9917,0.26702,2.4423,3.3678,10.722,9.2602,0.26844,1.9659,1.9541,1.6381,0.6476
0.29931,5.3689,11.759,11.801,9.3817,0.30006,1.0072,0.14781,3.3935,2.2935,0.29912,0.90187,7.1383,14.228,15.334,0.30125,0.94399,2.0666,8.6142,9.4065,0.3002,0.46271,3.4011,10.128,8.2279,0.30026,0.33255,4.5765,9.2447,7.1526,0.30022,1.084,4.1865,10.902,8.4445,0.30149,2.6257,1.4135,2.8492,1.8064,0.30006,2.3159,3.3497,10.523,8.2383,0.30164,2.001,1.7243,1.8705,0.60504
0.33317,5.4402,11.471,11.858,9.3861,0.33309,0.95565,0.20618,4.2755,3.1757,0.33399,0.96354,7.5275,16.267,15.951,0.33411,0.92342,2.39,9.4195,10.396,0.33515,0.48835,3.5802,10.484,8.6088,0.33412,0.67254,2.6648,8.5032,5.3879,0.33163,1.24,3.8731,11.195,8.205,0.33576,2.5194,1.267,3.2016,1.9676,0.33273,2.1571,3.3741,10.593,8.0138,0.33556,2.0093,1.5415,2.5378,0.90707
0.36845,5.3208,10.97,11.44,8.992,0.36506,0.92421,0.33774,4.5638,4.0031,0.36604,0.99109,7.641,16.184,15.806,0.36849,1.0956,2.6664,9.6761,10.319,0.36707,0.45832,3.7785,10.559,8.7444,0.36785,0.57222,2.7058,8.1138,4.8177,0.36564,1.2136,3.7635,9.9544,7.6151,0.36869,2.5716,1.0809,3.2519,2.0819,0.36701,1.9865,3.2965,10.186,7.4307,0.3684,2.0101,1.363,2.6626,1.3532
0.40155,5.2215,10.466,10.732,8.4293,0.40025,0.91831,0.59598,4.5454,4.993,0.39991,1.0235,7.9279,15.847,15.391,0.4015,1.1186,2.8315,9.5316,10.239,0.40112,0.43888,4.0077,10.092,8.7718,0.39991,0.52349,3.375,7.8041,5.0091,0.39883,1.3798,3.4842,9.199,7.8462,0.40013,2.6091,0.87634,3.1852,2.5076,0.39986,3.152,3.2025,9.4561,7.1542,0.40031,2.0162,1.1174,2.7087,1.762
0.43296,5.6198,9.8352,10.503,7.4324,0.43197,0.33382,1.1684,5.8567,5.4,0.43422,1.5583,7.9751,16.071,14.575,0.43495,0.59683,2.8048,10.06,9.609,0.43528,0.023155,3.9704,12.831,8.6251,0.43284,0.090383,3.2676,7.8721,3.849,0.4325,0.92116,3.3635,9.3317,6.4895,0.43509,2.2096,0.85993,3.8639,2.9505,0.43242,2.3112,2.906,9.4546,6.2883,0.4357,1.5696,0.90862,3.3662,2.0458
0.46699,5.5532,9.214,9.7354,6.8153,0.46568,0.38715,1.6539,7.2247,7.2665,0.46687,1.5192,8.0639,16.05,14.692,0.46827,0.62366,2.9611,10.261,9.2746,0.46814,0.016681,4.1505,9.2985,8.1807,0.468,0.13813,2.0013,7.2524,3.8072,0.46526,0.99949,3.5264,9.3687,6.7874,0.46804,2.3161,0.62505,4.3546,3.8127,0.46639,2.2423,2.8212,9.3888,6.351,0.46858,1.6492,0.59728,4.2723,3.374
0.50188,5.2503,8.6258,9.2679,6.3288,0.50035,0.38062,2.1993,8.1379,8.2059,0.50066,1.4164,8.1118,15.858,14.195,0.50063,0.67659,1.8279,10.02,7.8378,0.50067,0.079255,4.3861,10.846,8.459,0.50077,0.23937,2.0987,6.9832,3.6876,0.49983,1.2357,3.4091,9.3562,7.3648,0.50104,2.2049,0.35651,4.7033,4.205,0.49992,2.1907,2.906,8.8072,6.3918,0.50212,1.726,0.24851,5.2016,4.3955
0.53581,5.2424,8.2422,8.7551,6.2037,0.53303,0.3172,2.6543,8.6149,9.4623,0.53395,1.395,8.2503,15.414,13.94,0.53355,0.70075,2.4025,9.6729,7.4905,0.53405,0.099049,4.5362,9.268,8.272,0.53368,0.28343,2.2086,6.7282,3.7547,0.53219,1.3832,3.3599,9.124,7.1342,0.53577,2.2688,0.29822,4.9362,3.9784,0.5332,2.1737,2.9631,8.8851,6.6692,0.53556,1.7348,0.4771,6.3935,4.9371
0.56861,4.8422,7.7619,8.3351,6.1262,0.56645,0.30327,3.0235,9.2758,10.013,0.56686,1.3674,8.0663,14.737,13.494,0.56837,0.71794,2.4897,8.9899,6.0686,0.56769,0.14234,4.5919,9.198,7.7731,0.56787,0.33974,2.7478,6.824,3.8174,0.56408,1.5069,3.614,9.2651,7.6162,0.56887,2.2899,0.39371,5.098,3.3707,0.56709,3.2022,3.1525,8.6655,6.6642,0.56844,1.674,0.8695,7.0495,5.7849
0.59969,4.594,6.8846,7.9464,5.9689,0.60004,0.29471,3.2578,9.6856,10.248,0.5993,1.3217,7.8414,13.712,12.929,0.60137,0.76606,2.3121,7.8295,4.9306,0.60058,0.19059,4.5405,9.0806,7.5945,0.60075,0.37133,3.1598,7.0496,4.3478,0.59997,1.427,3.6835,9.3623,7.96,0.60077,2.2916,0.51017,3.9202,2.1685,0.6,2.6499,3.0577,8.7125,6.4299,0.60192,1.636,1.2176,7.5088,6.5638
0.63198,4.8968,6.6108,7.4198,5.7886,0.63231,0.14967,3.4294,9.963,10.079,0.63435,1.741,7.3477,13.361,12.247,0.63318,0.76515,0.24302,6.2357,3.5602,0.6351,0.22254,4.3957,8.8039,7.0823,0.63334,0.0056136,1.6742,6.3035,3.8186,0.63141,1.0355,3.6189,9.569,8.1315,0.63574,1.8993,0.33522,3.773,1.1143,0.63189,2.158,2.7132,8.4382,6.0193,0.63559,1.1958,1.3462,7.9537,7.2221
0.66837,5.0088,6.4583,7.4188,5.966,0.66616,0.38914,3.708,9.8697,10.27,0.66699,1.0038,7.2466,12.96,11.771,0.66849,0.55647,0.15672,5.3271,3.0893,0.66738,0.45192,4.1174,8.4319,6.834,0.66804,0.17801,1.6641,6.326,3.952,0.66491,0.81441,3.4714,9.5728,8.1533,0.66875,1.6745,0.22863,2.9813,0.49373,0.66715,2.8134,2.7248,8.3532,5.8203,0.66841,0.92071,1.6645,8.8704,8.1605
0.70146,4.7057,6.1343,6.6922,5.9865,0.70009,0.26718,3.9136,9.822,10.213,0.69893,0.93488,5.9002,11.665,10.853,0.70003,0.74527,0.25103,4.8354,2.8907,0.70017,0.080096,4.0157,7.6331,6.1678,0.70016,0.019419,2.3011,6.4008,4.4843,0.70012,1.0856,3.5674,9.5748,8.3714,0.70136,1.8147,0.3055,2.4694,0.077712,0.69874,3.3949,2.2173,7.7621,5.4944,0.70148,1.0411,2.0375,9.5771,8.8209
0.73462,4.4209,5.7794,7.0852,6.304,0.73214,0.17991,3.8205,9.6397,10.504,0.7343,0.85803,3.0165,10.781,9.7229,0.73399,0.90207,1.0429,4.8567,2.9718,0.73526,0.14861,3.5309,6.7494,5.4535,0.73307,0.1193,2.5712,6.1964,4.6923,0.73292,1.1693,3.6115,9.6543,8.5168,0.73576,1.9765,0.46345,2.5104,0.32207,0.73069,3.7653,2.1074,7.0061,5.3806,0.73551,1.1353,2.4048,9.7928,9.8698
0.76875,4.282,5.5307,7.4993,7.1089,0.7659,0.12579,4.0973,9.7026,10.912,0.76576,0.82384,4.0417,10.919,10.528,0.76799,0.98566,0.94903,4.7236,3.14,0.76808,0.1708,0.84283,3.6105,3.9439,0.76789,0.18019,2.692,5.2504,4.5712,0.76548,1.2122,3.8555,9.99,8.7366,0.76727,2.0068,0.41885,2.6644,0.57555,0.76719,3.9634,2.0769,6.8408,5.3823,0.76738,1.1781,2.9399,9.907,10.899
0.80161,4.016,5.5789,6.5399,7.7298,0.80002,0.079133,1.7009,9.4179,10.241,0.79971,0.77176,4.4577,11.103,11.409,0.80133,1.0243,0.72844,5.0225,3.6213,0.79992,0.20577,0.68805,4.392,3.5263,0.80081,0.21704,2.8859,5.2202,4.1496,0.80014,1.3843,4.0688,8.1359,9.0412,0.8013,2.0649,0.40714,2.6112,1.5244,0.7985,3.4879,2.0248,6.7772,5.5761,0.80129,1.1926,3.5516,10.883,11.959
0.83433,4.4959,5.714,7.7376,8.5574,0.83183,0.74193,3.2586,10.501,12.647,0.83407,0.71374,4.8399,12.082,12.759,0.83273,0.48482,0.69508,5.4688,4.0645,0.83517,0.35071,0.63148,4.8377,3.1805,0.83275,0.30001,1.0413,4.6098,2.6612,0.83284,0.99035,3.8481,9.2448,9.2844,0.83566,1.5346,0.34455,3.5931,2.4878,0.83344,2.7077,1.6595,6.9331,5.7714,0.83561,0.63208,3.9047,12.145,13.008
0.86859,4.1846,5.6333,8.9039,9.6808,0.86585,0.67221,2.7299,8.9639,12.073,0.86514,0.90516,5.3094,13.328,14.092,0.86841,0.6206,0.64938,6.026,4.9733,0.86823,0.22779,0.63346,4.4524,3.3552,0.86781,0.46993,0.77758,4.0582,1.7653,0.86533,1.1876,3.7733,9.9367,9.8645,0.86788,1.6632,0.58573,4.713,3.9127,0.86746,3.2117,1.7322,6.6155,6.2846,0.86834,0.73918,4.3451,13.396,14.02
0.90195,3.9611,4.4163,9.2679,9.871,0.90011,0.5422,3.6164,10.197,13.426,0.8994,1.0146,3.7761,13.675,13.864,0.90068,0.7365,0.21057,6.5359,5.6819,0.90068,0.13799,1.2292,4.805,3.5077,0.9009,0.84447,0.8534,3.6723,0.75173,0.89917,1.265,3.487,10.236,10.212,0.90184,1.7739,1.169,5.5494,5.3398,0.89989,2.8396,2.2302,7.0969,6.607,0.89995,0.84272,5.2364,14.1,14.634
0.93504,3.7202,5.0193,10.958,11.906,0.93248,0.51767,4.6979,12.103,15.102,0.93407,1.1188,4.6918,14.358,14.673,0.93346,0.84303,0.58282,7.2974,6.8585,0.93513,0.030127,1.4375,5.2033,3.5739,0.93357,0.94315,0.5105,2.6539,0.24583,0.93298,1.2475,3.7558,10.147,10.681,0.93572,1.8091,1.8045,6.4974,6.8243,0.93203,2.563,2.4315,7.6852,7.3062,0.93553,0.88875,5.7378,14.376,14.929
0.96885,3.5164,5.5196,12.019,14.015,0.96513,0.53626,4.6931,13.437,16.929,0.96699,1.1742,5.3573,15.241,15.947,0.96847,0.89572,0.98257,8.4333,8.525,0.9675,0.022813,1.5208,5.9678,4.3561,0.96776,0.98735,0.30084,2.3492,0.57351,0.96726,1.2576,3.9774,10.16,11.453,0.96781,1.8022,2.3458,7.7347,8.524,0.96699,2.4743,2.6568,8.2483,8.1786,0.96839,0.93871,6.0489,14.711,15.222
0.99967,3.3687,3.9622,12.164,13.491,1.0002,0.44916,5.1503,14.433,17.643,0.99924,1.0935,5.4048,15.835,17.116,1.0003,0.92756,1.4826,9.4483,9.8335,1.0013,0.4739,1.8267,6.5854,4.9933,1.0009,1.0195,0.41429,2.2363,0.39752,1.0001,1.2792,4.1672,10.808,11.965,1.0006,1.8504,2.8861,8.8892,9.8835,1.0001,3.3059,2.9656,8.681,8.8537,1.0017,0.96137,5.8413,13.563,14.681
1.0348,3.2433,4.1968,12.787,14.117,1.0334,0.39981,5.5247,15.004,18.272,1.034,1.1887,6.0611,16.497,17.852,1.0326,0.95613,1.9525,10.236,10.868,1.0341,0.78011,2.0763,7.0008,5.635,1.0333,1.0162,0.38702,1.9749,0.29348,1.0317,1.1917,4.3483,11.234,12.171,1.0357,1.8434,3.403,9.7126,10.893,1.032,3.0783,3.0117,8.9219,9.0312,1.0356,0.96892,5.829,13.457,14.303
1.0688,3.0913,4.5756,13.613,14.847,1.0651,0.43499,5.908,16.043,19.456,1.0659,1.0754,6.1417,17.133,18.071,1.0685,0.99023,2.4504,11.375,11.836,1.0683,0.79255,2.245,7.2721,6.0643,1.0672,1.0242,0.35744,2.4996,0.22675,1.0657,1.3144,4.5818,11.966,12.292,1.0674,1.83,3.8399,10.869,11.907,1.0671,2.8095,3.2827,9.6794,9.3182,1.0685,0.96382,5.7233,13.637,13.867
1.1018,2.9636,4.7928,13.831,17.416,1.1648,0.34596,5.4852,14.969,18.86,1.099,1.004,6.2564,17.036,19.054,1.1014,1.0135,2.8113,12.089,13.927,1.0999,0.84069,2.2768,7.4718,7.8527,1.1008,1.045,0.37967,2.7715,2.0599,1.1,1.3091,4.6265,12.019,13.499,1.1014,1.8149,4.2988,11.665,14.034,1.1001,2.8068,3.2653,9.8313,11.037,1.1015,0.95722,5.3745,12.998,14.77
1.1347,3.2674,5.0223,12.589,14.982,1.2002,0.62743,5.4976,15.156,15.97,1.1341,1.3053,6.1695,16.307,15.981,1.1338,0.68147,3.0984,12.544,11.849,1.1352,0.50422,2.3102,7.859,5.7582,1.1341,0.71223,0.30265,3.2062,0.594,1.1333,1.0481,4.4734,12.015,10.918,1.1356,1.3758,4.6075,12.295,12.658,1.1325,2.4581,3.0863,9.8596,8.4756,1.1357,0.67991,5.2268,12.974,12.239
1.1688,3.3792,5.245,11.181,14.016,1.2308,0.77756,5.6735,16.152,15.122,1.167,1.4367,5.7935,16.049,13.645,1.1684,0.45632,3.476,10.521,11.948,1.167,0.26731,2.6178,9.196,5.8387,1.1679,0.74673,0.78463,4.9795,1.4324,1.1655,0.82149,4.5737,12.891,10.589,1.1688,1.1434,5.0182,14.061,13.227,1.1671,2.2378,3.086,11.096,8.0746,1.1686,0.61652,5.2347,14.039,11.821
1.2019,3.5173,5.4276,11.471,14,1.2655,0.86856,5.5869,15.177,14.406,1.1997,1.4774,4.6629,11.56,10.246,1.2015,0.31218,3.6071,10.92,11.636,1.2008,0.083536,2.6529,8.5445,5.9776,1.2008,0.76064,1.1531,4.9166,2.1094,1.1999,0.65723,4.3774,11.885,9.8592,1.201,0.92853,5.2699,13.699,13.414,1.1993,2.0142,3.0066,9.938,7.5788,1.2011,0.46092,4.8415,12.968,11.23
1.2331,3.5487,6.0511,11.756,14.177,1.2987,0.82303,5.3388,13.584,13.73,1.234,1.3329,3.1554,7.4125,6.3864,1.2346,0.29348,3.4883,9.5804,10.712,1.2352,0.0048233,2.7401,8.164,6.1604,1.2327,0.76138,1.5782,4.9678,2.5887,1.2323,0.5608,4.3615,11.175,9.7445,1.2356,0.78962,5.5117,13.888,13.682,1.2322,1.9244,2.7004,8.6684,6.8976,1.2356,0.48746,4.6828,11.713,10.862
1.2689,3.504,6.4953,10.71,14.453,1.3314,0.83853,5.1873,13.095,13.281,1.2666,1.0874,0.96118,4.5286,2.1838,1.2684,0.29212,3.4868,9.6519,10.565,1.2667,0.13764,2.8814,8.0757,6.1767,1.2679,0.57162,1.7422,5.0488,2.546,1.2664,0.58486,4.2985,10.751,9.4843,1.2678,0.7968,5.7877,14.167,13.85,1.2671,1.8505,2.3368,7.5841,5.6917,1.267,0.58205,4.4429,11.28,10.464
1.3016,3.4646,6.5764,11.561,15.243,1.3653,0.79082,5.3937,12.59,13.175,1.2996,0.87645,0.49149,0.40986,1.9725,1.3013,0.33065,3.5033,9.8159,10.252,1.3006,0.0935,3.1762,8.0421,6.5217,1.3009,0.45832,2.1431,5.2852,2.888,1.2999,0.54332,4.3848,10.279,9.5392,1.3018,0.83406,6.1837,14.252,14.154,1.2998,1.8972,2.1287,6.2909,4.5117,1.3009,0.61694,4.7522,9.5687,10.206
1.3352,3.4377,6.8771,12.651,16.392,1.4002,0.79847,4.9915,12.594,12.824,1.334,0.63093,1.8535,3.0224,5.2059,1.3334,0.48185,3.3339,9.827,9.6888,1.3351,0.023056,3.3675,8.3204,6.8885,1.3336,0.273,2.4141,5.4968,3.2973,1.3329,0.61639,4.3419,10.386,9.6567,1.3357,0.78354,6.4559,14.028,14.581,1.332,1.8942,1.7331,5.5121,3.4272,1.335,0.63876,4.5547,10.267,10.173
1.3674,3.469,7.5055,14.012,18.287,1.433,0.85328,5.4142,12.841,13.097,1.3669,0.45968,4.0136,5.2304,7.9087,1.3684,0.4334,3.4336,10.019,9.8278,1.3675,0.10111,3.7138,8.8412,7.5387,1.3674,0.12446,2.6317,5.9551,3.7427,1.365,0.56055,4.5445,10.717,10.156,1.3687,0.69222,6.885,14.961,15.13,1.367,1.8328,1.5623,4.2308,2.6766,1.3685,0.64425,4.4281,10.987,10.42
2.799,3.2715,6.9329,16.085,17.602,1.4662,0.87372,5.5191,12.996,15.27,1.3993,0.24257,3.9822,7.8181,7.7192,1.4002,0.37165,3.5219,7.509,12.06,1.4004,0.10961,4.3456,9.2688,10.362,1.4004,0.22209,3.5835,6.4142,6.6402,1.4,0.61491,4.9604,10.869,12.996,1.4006,0.59509,7.2485,14.94,17.818,1.399,2.8582,1.6957,4.0834,4.3101,1.4025,0.54803,4.716,9.1738,13.03
2.8341,3.2959,7.0263,11.41,14.817,1.5001,0.62404,6.0776,13.209,15.073,1.434,0.073618,4.1842,6.3402,9.0766,1.4332,0.3044,3.5496,7.9318,12.355,1.4353,0.10203,4.9059,10.187,10.779,1.4333,0.10915,4.1656,6.8011,6.8658,1.4331,0.71877,5.4198,11.683,13.115,1.4359,0.6043,7.6677,15.76,18.107,1.4328,2.7533,1.9487,4.2803,3.824,1.4355,0.5457,5.0388,10.993,13.262
2.8685,3.3302,7.236,12.153,16.03,1.5318,0.62286,5.8817,13.303,14.319,1.4659,0.39708,4.8526,7.8567,10.528,1.4683,0.3459,4.0327,8.4747,11.395,1.4681,0.10111,5.3587,10.973,11.198,1.468,0.0080339,4.4685,7.6273,7.1894,1.4657,0.62589,5.6504,12.447,13.159,1.4693,0.59618,8.0557,16.684,18.238,1.4671,2.71,2.1911,4.7643,3.5624,1.4674,0.61156,5.4916,12.461,13.721
2.9001,3.336,7.9093,13.928,15.882,1.5658,0.49518,7.1956,14.671,14.008,1.4999,0.62574,4.5646,5.7745,10.909,1.5015,0.42621,5.3923,11.593,11.375,1.5001,0.039693,6.7471,13.035,11.75,1.4989,0.029038,5.8626,10.374,7.9817,1.5001,0.5769,7.004,14.457,13.146,1.5014,0.59375,9.1694,18.816,18.316,1.5,2.6544,3.1862,6.7194,3.3739,1.5013,0.75596,6.8355,14.785,13.956
2.9321,3.0546,8.0655,13.364,16.322,1.6,0.35145,7.0124,15.133,14.603,1.534,0.8251,5.0263,6.1179,10.87,1.534,0.44684,5.4025,12.434,11.917,1.5352,0.00057891,6.9115,13.784,12.964,1.5328,0.055341,6.145,11.339,9.3962,1.5329,0.50534,7.1976,14.689,14.098,1.5356,0.62292,9.245,19.185,19.015,1.5326,3.2076,2.9986,7.2657,4.1177,1.5344,0.84359,6.9272,15.478,15.147
2.9685,2.8043,8.3262,14.146,18.076,1.6331,0.25978,6.8924,13.646,14.853,1.567,1.1848,5.1855,6.6381,10.197,1.5684,0.42051,5.7907,12.026,12.068,1.5682,0.023673,7.1056,13.847,13.531,1.5678,0.12563,6.6136,11.497,10.492,1.5654,0.51116,7.3348,14.475,14.721,1.568,0.60889,9.3087,18.649,19.329,1.5671,3.1864,3.0319,6.1578,4.2902,1.5685,0.91167,7.1241,15.377,16.032
3.0014,2.787,8.8134,15.725,19.575,1.6657,0.17167,7.3207,14.512,15.562,1.5983,1.28,4.2613,5.323,8.2319,1.6008,0.44769,5.8046,12.396,12.307,1.6007,0.077819,7.5647,14.005,14.207,1.5997,0.095375,7.2523,12.208,11.674,1.6,0.53836,7.6909,14.649,15.428,1.6,0.7245,9.6348,18.302,19.652,1.5999,3.2114,3.2127,6.4692,4.7028,1.6012,0.93735,7.5749,15.537,17.035
3.1342,3.575,8.4093,16.66,19.998,1.6995,0.090249,7.5762,14.259,15.919,1.634,1.3028,3.5754,3.9125,6.1698,1.6346,0.50192,5.6489,13.044,12.416,1.634,0.13453,7.8297,14.633,14.669,1.6327,0.13608,7.7388,12.873,12.499,1.6322,0.61433,7.974,15.092,15.784,1.6357,0.78028,9.6346,18.236,19.794,1.6322,3.1746,3.3335,6.6816,4.872,1.6355,1.0338,8.0687,16.291,17.678
3.3008,2.6016,8.6665,16.827,18.889,1.7314,0.13813,7.8651,13.935,16.782,1.6654,1.2249,2.7168,2.1388,3.2955,1.6684,0.51398,5.8075,13.577,12.762,1.6683,0.18951,8.0806,15.122,15.268,1.6681,0.036349,8.5849,14.426,13.829,1.6651,0.62664,8.4268,15.73,16.544,1.7008,0.93186,9.1702,17.502,18.366,1.6669,3.1323,3.4074,7.2354,5.2223,1.6669,1.0264,8.52,17.205,18.685
3.3686,5.7301,8.7812,16.941,18.743,1.7653,3.0095,7.7628,15.298,16.895,1.6993,2.0058,2.1035,1.1403,1.0287,1.6997,2.1032,5.9445,13.442,12.66,1.7005,2.4991,7.9411,15.126,15.13,1.701,2.5656,8.5991,14.677,14.267,1.6999,1.8001,8.6648,15.937,16.796,1.736,1.6287,9.3655,17.483,18.391,1.6991,0.67364,2.739,6.683,4.7838,1.7008,1.6041,8.9393,17.482,18.961
3.4006,5.1228,9.1625,17.415,19.097,1.8001,2.497,7.9702,15.755,16.796,1.734,1.584,1.1119,1.8419,3.3349,1.7332,1.5544,6.4277,13.641,12.633,1.7328,1.9673,8.1179,15.403,15.281,1.7335,2.19,8.906,14.995,14.462,1.7319,1.3386,9.1387,16.167,17.321,1.7675,1.2571,9.5918,17.459,18.402,1.732,1.1231,2.7541,6.4481,4.9906,1.7355,1.175,9.3345,17.779,19.233
3.4344,4.9635,9.674,17.659,19.566,1.833,2.3545,8.0801,15.768,16.407,1.7669,1.5763,1.1009,3.9762,6.4104,1.7686,1.3529,6.7012,13.396,12.742,1.7674,1.7213,8.1192,15.26,15.191,1.7677,2.1937,9.1426,15.296,14.819,1.7647,1.2262,9.3816,16.518,17.691,1.8015,0.93287,9.3344,17.114,18.172,1.767,1.1326,3.0735,6.7335,5.625,1.7661,1.0973,9.3183,17.976,19.396
3.4687,4.9731,10.069,17.93,19.689,1.865,2.2387,8.2492,15.578,15.674,1.7991,1.631,1.945,5.9822,8.9264,1.8013,1.3513,6.7887,12.936,12.644,1.8012,1.6741,8.4835,15.545,15.303,1.7993,2.2293,9.3216,15.428,14.882,1.8001,1.0134,9.1827,16.604,17.477,1.8358,1.0008,9.3572,17.006,17.686,1.7999,1.5076,3.4909,6.6418,6.2641,1.8017,1.0615,9.5246,17.679,19.025
3.5355,4.8264,9.468,19.157,19.547,1.9002,2.0946,7.8284,17.584,15.146,1.834,1.6656,2.8009,10.433,11.351,1.834,1.3619,6.8075,16.269,12.984,1.8352,1.6789,8.6772,18.098,15.309,1.8332,2.0409,9.6253,18.399,15.357,1.833,1.048,9.0909,19.196,17.149,1.8686,0.76535,9.2067,18.396,17.068,1.8326,1.472,3.6489,9.789,6.7961,1.8685,0.69938,8.9124,18.595,16.585
3.6016,4.6746,8.3767,18.075,19.182,1.9333,1.8348,7.2674,15.932,14.311,1.867,1.6843,3.4357,11.034,12.846,1.8683,1.22,6.3393,14.608,12.818,1.8681,1.6494,8.4754,17.254,15.345,1.868,2.0416,9.554,17.535,15.564,1.8671,0.87506,8.4854,18.073,16.905,1.9013,0.44029,8.3654,16.963,16.023,1.867,1.4865,3.7378,9.3326,7.4271,1.9026,0.36526,8.2272,16.399,15.369
3.6339,4.6442,8.5577,17.711,18.861,1.9672,1.7294,6.6199,14.241,13.425,1.8989,1.705,4.0724,11.745,13.287,1.8999,1.2203,5.9987,14.08,12.594,1.9001,1.55,8.3575,15.499,15.226,1.9,1.8536,9.5661,17.183,15.599,1.9001,0.43498,8.4282,17.298,16.3,1.9357,0.4498,7.4788,16.488,14.897,1.8998,1.5468,3.8776,9.3372,8.0064,1.9356,0.162,7.54,14.807,13.753
3.6687,4.5749,8.9481,17.822,19.006,2.0003,1.6478,6.0827,13.057,12.446,1.934,1.7443,4.6423,12.738,13.655,1.9338,1.208,5.7058,13.787,12.339,1.9353,1.4856,8.0575,15.449,14.748,1.9328,1.8241,9.2737,17.072,15.416,1.9324,0.34647,8.0194,15.732,15.465,1.9671,0.017814,7.1669,14.128,13.38,1.9324,1.596,3.9929,9.636,8.3042,1.9685,0.041144,6.99,13.684,12.254
3.7007,4.5644,8.7376,18.002,18.919,2.0331,1.6054,5.0422,12.288,11.287,1.9671,1.802,5.0825,13.722,13.725,1.9682,0.95653,5.6357,13.546,12.237,1.9682,1.4377,7.6543,15.252,14.423,1.9678,1.609,8.7699,16.255,15.12,1.9662,0.45285,7.4189,14.172,14.531,2.001,0.066501,6.2297,12.704,11.794,1.967,1.61,3.94,9.7754,8.3723,2.0011,0.079428,5.9268,12.123,10.438
3.7345,4.4881,8.4293,17.632,18.826,2.0655,1.4252,4.6048,11.471,10.507,2.0006,1.8347,5.5193,14.153,13.905,2.0006,0.82189,5.2796,13.325,12.158,2.0022,1.2419,7.2854,13.792,14.052,1.9998,1.6099,8.3858,15.905,14.977,2.0001,0.40748,6.7668,14.131,13.699,2.0357,0.086714,5.4944,12.041,10.491,1.9993,1.759,4.0015,9.8601,8.3854,2.0351,0.16329,5.2656,10.925,8.9694
3.7685,5.6392,8.5207,14.634,18.821,2.1002,2.7245,4.5366,10.767,9.5721,2.034,3.2757,5.9153,14.179,13.67,2.0335,2.1155,5.0867,13.324,11.954,2.0352,2.5685,6.9741,12.87,13.075,2.0325,2.8136,8.1375,13.994,14.627,2.0329,1.7607,6.1452,13.268,12.633,2.0679,0.88863,4.2,9.9007,8.6332,2.0331,0.49114,3.2449,9.0355,7.6459,2.0685,1.2085,4.0977,9.3625,7.3791
3.8015,6.1562,8.1267,14.964,18.426,2.133,3.1383,4.1909,10.138,8.9749,2.0664,3.7544,6.1895,14.348,13.504,2.0674,2.5312,5.2633,13.254,12.038,2.0661,3.0057,6.6963,13.227,12.379,2.0679,3.135,7.8692,14.118,14.211,2.066,2.1044,5.5439,10.706,10.942,2.1006,1.1635,3.7743,9.711,7.6603,2.0671,0.19103,2.9983,8.7911,7.1588,2.1018,1.2971,3.4831,7.6863,5.9717
3.8333,6.5382,8.392,15.031,18.22,2.1662,3.4342,4.1126,9.1616,8.1559,2.0992,4.1086,6.5341,14.108,13.604,2.0995,2.933,5.6064,12.844,12.234,2.1005,3.3535,6.1484,12.562,11.56,2.1008,3.4145,8.1749,14.397,14.227,2.1001,2.4833,5.2644,11.338,10.286,2.1359,1.5955,3.4499,8.9228,6.9298,2.0989,0.027766,3.1604,8.4635,6.7674,2.1355,1.4165,3.3006,6.5748,4.9742
3.8686,6.616,8.3993,14.748,17.783,2.2,3.4747,4.0274,8.4579,7.4047,2.1341,4.5127,7.1758,13.812,13.698,2.1334,3.1202,5.8923,13.368,12.437,2.1352,3.2537,5.826,11.937,10.47,2.1323,3.5005,7.7682,14.257,13.747,2.1329,1.9417,4.852,11.015,9.4109,2.1687,1.5755,3.3559,7.7222,6.3364,2.1318,0.073579,3.038,7.113,5.8136,2.1677,1.7071,3.3231,5.9009,4.382
3.9018,6.799,8.0671,15.449,17.281,2.232,3.4802,3.6735,7.8893,6.7138,2.166,4.7433,7.0327,14.311,13.843,2.1685,3.1667,5.755,12.836,12.55,2.1673,3.2576,5.0817,9.6456,9.1103,2.1677,3.521,7.1147,11.937,12.074,2.1658,2.1254,4.555,10.137,8.7474,2.2004,1.8048,3.1521,7.4391,6.0431,2.167,0.085918,2.7853,6.936,5.2938,2.2006,1.505,2.7748,5.5499,3.5433
3.9341,6.9277,7.42,15.344,16.415,2.266,3.6559,3.6658,7.4544,6.5149,2.1991,4.8272,6.8293,13.873,13.692,2.2014,3.166,5.6842,12.677,12.452,2.2002,3.1027,4.5945,9.4921,8.261,2.2001,3.5459,6.8447,12.334,11.466,2.2,1.8974,3.9689,8.8347,7.8563,2.2359,2.0173,3.0528,7.3394,5.7785,2.2004,0.18043,2.5739,6.3765,4.8284,2.2356,1.5838,2.3038,4.7798,2.9521
3.9685,7.0232,7.0206,15.024,15.548,2.3003,3.8542,3.7066,7.2133,6.1971,2.234,4.9215,6.9257,14.216,13.945,2.2329,3.2578,5.5487,12.425,12.194,2.2341,3.3049,4.2131,8.6485,7.5176,2.2331,3.6441,6.5319,11.876,10.819,2.2329,2.1371,3.6449,8.5494,7.4759,2.2687,1.8804,2.695,6.9867,5.4723,2.2326,0.32293,2.1407,5.9615,4.309,2.2673,1.9504,2.2284,4.2746,2.7066
4.0018,7.1034,7.1236,11.209,14.128,2.3317,4.0395,3.6802,6.8791,5.8861,2.267,5.0474,6.9895,14.727,14.105,2.2683,3.3406,5.203,11.831,11.615,2.2681,3.2795,4.018,7.9425,6.6566,2.2678,3.7744,6.1086,11.693,10.235,2.2666,2.4022,3.8197,8.4113,7.2895,2.3012,2.1469,2.6887,6.7588,5.4305,2.2665,0.45967,2.0761,5.5413,3.8419,2.3011,1.7739,1.8823,3.842,2.2394
4.0328,7.2183,6.8892,11.272,13.329,2.3656,3.8486,3.3567,6.3454,5.5221,2.2997,5.1705,6.8744,14.241,13.979,2.3014,3.4209,4.7419,10.947,10.607,2.2991,3.4892,3.7085,7.1457,5.9673,2.2999,3.5838,5.6718,9.5658,9.149,2.3001,2.6445,3.5549,8.0757,6.9588,2.3358,2.4044,2.6082,6.5475,5.3715,2.2999,0.59188,1.6405,4.9868,3.3144,2.3356,2.1682,1.9146,3.6627,2.3452
4.0685,5.8361,5.8066,10.819,12.048,2.4001,3.7164,2.957,5.9998,5.0983,2.3341,5.2582,6.7166,14.239,13.948,2.3338,3.5291,4.1408,10.298,9.3451,2.3354,3.6704,3.6183,6.6522,5.4683,2.3328,3.7063,5.3268,9.7794,8.7601,2.3329,2.8318,3.486,7.832,6.6631,2.368,2.6242,2.5432,6.4354,5.1386,2.3323,0.66602,1.3765,4.5409,2.9043,2.3684,2.4174,1.9451,3.791,2.4294
4.1015,5.3805,5.2902,9.9299,11.078,2.4326,3.939,3.143,6.2333,5.3356,2.3669,5.3132,6.813,14.465,14.214,2.3684,3.4382,3.6101,8.747,7.799,2.3681,3.7936,3.4905,6.2824,5.0653,2.368,3.7896,5.3082,9.6911,8.4557,2.3653,2.9544,3.4139,7.6767,6.4824,2.4018,2.2692,2.3816,5.5822,4.978,2.367,0.67043,1.1616,4.242,2.4869,2.401,2.068,1.5981,3.1397,2.2021
4.1336,5.1778,4.9913,9.2238,10.088,2.4654,3.6946,2.9064,6.2267,5.3325,2.3995,5.3594,6.8741,14.633,14.501,2.4006,3.6009,3.2436,7.4444,6.4851,2.4007,3.3695,3.0286,5.7774,4.5098,2.3996,3.8562,5.1208,9.5941,8.3021,2.4,3.0427,3.2677,7.5388,6.3272,2.4357,2.4198,2.4121,5.5061,4.9599,2.4004,0.69972,0.93445,3.3553,2.2467,2.4356,2.2682,1.7068,3.3958,2.4042
4.1687,5.419,4.6391,8.3804,9.0179,2.4993,3.8518,3.0928,6.5419,5.7543,2.4341,5.3825,6.804,14.185,14.552,2.4326,3.4311,2.682,5.8767,4.7391,2.4347,3.5201,2.8941,5.7271,4.3945,2.4349,3.8972,5.0276,9.3101,8.0586,2.4321,3.1373,3.1289,7.2001,6.2126,2.4677,2.6081,2.4145,5.726,5.0373,2.431,0.71644,0.67355,3.1603,1.8741,2.4668,2.4821,1.844,3.5899,2.6778
4.2005,5.6308,4.4559,7.4916,8.1733,2.5321,4.012,3.184,6.6213,6.1427,2.4669,5.4787,6.9416,14.483,14.935,2.4674,3.59,2.5327,4.5116,3.6609,2.4684,3.6295,2.8512,5.4734,4.4428,2.468,3.9622,4.9709,9.0411,8.1324,2.4649,3.2574,3.0344,6.9784,6.2261,2.5006,2.775,2.5032,5.5101,5.1022,2.4671,0.75406,0.53722,2.8477,1.536,2.5007,2.6882,2.005,3.8189,3.0261
4.2333,4.992,3.8902,6.7934,7.7253,2.5651,4.2263,3.3189,6.9596,6.5949,2.5003,5.6062,7.0874,14.34,15.136,2.5,3.478,2.3442,2.9803,2.6171,2.5005,3.8295,2.906,5.4272,4.5936,2.5008,4.115,4.9692,8.8732,8.1097,2.5,3.4423,3.0847,6.9824,6.4863,2.5359,2.2493,2.1559,5.2014,5.0615,2.499,0.81095,0.50738,1.852,1.1895,2.5348,2.9142,2.1363,4.0416,3.2874
4.2687,4.2513,3.5501,6.5072,7.3702,2.6001,3.675,2.9824,6.7273,6.2369,2.534,5.6513,7.4671,14.572,15.611,2.5331,3.5711,2.4693,2.7667,2.6612,2.5353,3.8844,3.0489,4.6197,4.5205,2.5334,4.2124,5.2166,8.9428,8.3483,2.5319,3.5119,3.1973,6.7227,6.3754,2.5689,2.4028,2.3685,5.4941,5.371,2.5318,0.83902,0.53407,2.1368,1.2069,2.5683,3.0224,2.2853,3.1338,3.2204
4.3017,2.9882,2.7692,6.2416,7.573,2.6319,2.3954,2.4347,6.1111,6.0463,2.566,4.6522,7.3855,14.988,16.06,2.5683,2.667,2.9961,1.9733,2.1978,2.5673,3.0119,2.7517,4.9598,4.8017,2.5678,3.3094,4.9234,8.9593,8.6296,2.5637,1.579,2.6096,6.1056,6.4241,2.6012,1.6389,2.3014,4.8648,5.6944,2.5671,0.077727,0.34676,2.7007,1.4293,2.6005,1.5159,1.6348,3.3597,3.2567
4.3341,2.7154,2.6315,5.5773,7.7425,2.6639,2.5311,2.6714,6.872,6.435,2.5999,4.611,7.561,15.573,16.517,2.6015,2.6776,2.9592,2.0324,2.5638,2.6,2.9978,2.8441,5.5925,5.32,2.6002,3.2901,5.0452,9.0078,8.8209,2.6001,1.6574,2.7214,5.2807,6.7241,2.6356,1.7073,2.5002,5.5309,6.056,2.6002,0.13447,0.42871,3.0391,1.8155,2.6355,1.2077,1.7506,4.0224,3.3151
4.3681,2.3649,2.5263,6.9244,8.4317,2.7,2.6248,2.6302,7.5136,6.7251,2.6328,4.5729,7.7748,16.338,16.851,2.6339,2.664,3.1243,1.7956,2.6447,2.6352,2.9623,2.9798,6.4382,5.7867,2.633,3.2325,5.1619,9.5141,8.9696,2.633,1.6775,2.7437,5.6952,6.6053,2.6681,1.6971,2.5329,6.5615,6.4319,2.6327,0.18513,0.65427,3.9496,2.2348,2.6686,1.3498,1.9414,5.1177,3.731
4.4009,2.1701,2.6233,6.4157,9.3906,2.7332,2.628,2.5665,7.7378,7.1678,2.667,4.4768,7.6444,16.131,16.733,2.6679,2.6344,3.2708,1.8264,2.5427,2.667,2.9517,3.0673,6.7589,6.4117,2.6681,3.1672,5.0793,8.4174,8.996,2.6645,1.7252,2.6372,5.992,6.62,2.702,1.7123,2.5925,6.8337,6.8021,2.6671,0.24616,0.64183,3.8076,2.6195,2.7012,1.4441,1.9654,4.9724,3.7955
4.4337,1.9818,2.6667,8.269,10.216,2.7656,2.661,2.6496,7.8991,7.7259,2.6996,4.3028,7.4818,15.745,16.593,2.7007,1.2554,2.501,0.77501,1.5139,2.6998,2.9071,3.0852,7.0315,6.8691,2.6988,3.1107,4.8859,8.847,9.1665,2.6994,1.7098,2.2139,6.4059,6.6833,2.7358,1.6983,2.5011,7.2464,7.2235,2.6998,0.32078,0.55167,4.148,2.9949,2.7355,1.5109,1.9147,5.1896,4.1442
4.4667,1.9324,2.8844,9.5248,11.483,2.7996,1.6358,2.0137,8.0489,7.6402,2.734,4.1454,7.2823,15.251,16.353,2.7337,1.3828,2.2734,0.80188,1.0549,2.7353,2.9036,3.1325,7.4685,7.2284,2.7337,3.0644,4.6574,9.0701,9.1821,2.7315,1.7279,2.2081,6.8049,6.717,2.7666,1.7503,2.5101,7.6085,7.6878,2.7311,0.35162,0.67297,4.6213,3.3415,2.7684,1.5619,1.861,5.5225,4.4934
4.5006,1.8068,3.2913,10.751,12.72,2.833,1.8708,2.2026,8.8222,8.4503,2.7656,4.1155,7.3671,15.536,16.327,2.7683,1.4494,2.12,1.2469,1.0332,2.7667,2.8434,3.3104,7.9592,7.5379,2.7679,3.0072,4.6951,9.1787,8.9973,2.7641,1.744,2.1538,7.1525,6.6021,2.8009,1.7597,2.6673,8.1295,7.8827,2.7669,0.44034,0.98492,5.0147,3.5622,2.8011,1.6232,2.0586,5.7731,4.7031
4.5345,2.9151,3.884,12.088,13.85,2.8654,2.0436,2.8644,10.259,9.7118,2.7994,4.0577,7.3019,15.882,16.52,2.8005,1.5214,1.6845,2.4611,1.9253,2.8007,2.8138,3.6245,8.8505,8.0509,2.8008,2.9343,4.8644,9.903,9.2451,2.8,1.6964,2.3072,7.9026,6.7216,2.8358,1.7694,2.9805,8.9777,8.3869,2.8,0.51008,1.3735,6.0791,4.3778,2.8355,1.6642,2.2522,6.7635,5.3696
4.5686,3.3989,4.3542,12.929,15.135,2.9001,1.5576,2.8074,10.598,10.894,2.8341,4.0422,7.2035,15.736,16.813,2.8334,0.73972,0.89241,2.9514,3.0781,2.8351,2.7869,3.7744,9.1102,8.6736,2.8334,2.8429,4.8618,9.9233,9.8957,2.832,1.7518,2.4853,7.6742,7.1623,2.8677,1.7506,3.0867,9.0929,9.0238,2.832,0.53473,1.6875,6.4114,5.308,2.8677,1.7091,2.531,6.9775,6.4339
4.6002,3.667,4.7766,13.564,16.257,2.9331,1.259,2.9941,10.885,12.112,2.8653,3.6409,7.1313,14.873,17.206,2.8684,1.0017,0.77619,3.4148,4.412,2.8674,2.7506,3.9757,8.9265,9.4778,2.8679,2.831,4.9128,9.7086,10.502,2.8648,1.7766,2.5424,7.5234,7.8681,2.9005,1.099,3.1476,9.1078,9.9128,2.8669,0.55732,2.0614,5.6867,6.3624,2.9017,1.7422,2.6557,7.1713,7.4005
4.6347,3.6671,5.2399,14.339,17.636,2.9651,1.1651,3.5566,11.648,13.745,2.8986,3.6412,7.2503,15.197,17.852,2.9002,0.7568,0.65048,4.0605,5.746,2.8993,2.7647,4.2404,9.0383,10.379,2.9009,2.7574,5.088,9.8647,11.531,2.9002,1.7153,2.733,7.314,8.555,2.936,0.73225,3.3733,9.3747,10.678,2.8989,0.55828,2.4448,5.9835,7.6878,2.9355,1.7615,2.9805,7.5551,8.6495
4.6662,3.5995,5.5741,15.127,18.509,3.0002,1.6224,4.3258,12.621,15.596,2.9343,3.6435,5.9272,15.285,18.226,2.9331,0.99964,1.0436,4.7193,6.7473,2.9352,2.6966,4.3051,9.2035,11.082,2.9348,2.6676,5.1081,10.169,12.146,2.9328,0.62359,2.6122,7.4009,9.1035,2.9689,0.58862,3.4388,9.5121,11.343,2.9327,0.56261,2.78,6.561,8.7204,2.9685,1.816,3.2975,7.0856,9.5306
4.7011,3.5327,5.8422,16.008,19.601,3.0331,1.8691,4.8793,13.048,16.891,2.9671,3.6397,5.7592,15.72,18.646,2.9687,0.72772,1.2496,5.531,7.5391,2.9682,2.6785,4.0698,9.492,11.679,2.9679,2.6323,5.2719,10.582,12.811,2.9656,0.40436,2.7132,7.7831,9.8661,3.0014,0.42975,3.6834,9.7622,12.081,2.9671,0.55536,3.1015,7.0925,9.7544,3.0013,1.864,3.5416,7.62,10.306
4.7341,3.4567,6.0185,17.46,19.974,3.0658,1.1844,4.8694,14.773,16.375,2.9988,3.6271,5.8138,17.153,18.015,3.0014,0.97255,1.5561,7.3505,7.6759,3.0011,2.5625,4.1788,9.8401,10.93,3.0008,2.568,5.384,11.963,12.085,3.0001,0.038141,2.7778,8.3935,9.1932,3.0343,0.3331,3.8351,11.338,11.451,3,0.55993,3.3468,8.8576,9.4048,3.0355,1.8855,3.6348,9.158,9.8203
4.8014,2.5862,5.4583,15.81,19.853,3.0985,1.5569,5.3988,14.961,17.31,3.0341,3.5961,6.0273,15.865,18.072,3.0339,1.2163,1.8815,7.3704,8.0913,3.0353,2.5544,4.3787,9.7317,11.34,3.035,2.5649,5.4331,11.63,12.362,3.0328,0.017546,2.5763,8.2148,9.7467,3.0671,0.27594,3.8894,10.607,11.823,3.0314,0.5504,3.5787,8.9056,9.6928,3.0685,1.9431,3.7661,9.055,10.031
4.8337,2.6598,5.6551,15.603,19.905,3.1317,1.7576,5.7647,15.278,18.124,3.0671,3.5832,6.2778,15.898,18.358,3.0683,0.78126,2.0635,7.5234,8.3417,3.0682,2.5319,4.4292,9.7991,11.916,3.0679,2.4423,5.2382,11.316,12.686,3.0653,0.00088377,2.7543,8.5207,10.07,3.102,0.2047,3.9292,10.22,12.436,3.067,0.52734,3.7352,9.0558,10.239,3.1012,1.2973,3.7441,9.1455,10.309
4.9005,2.7133,5.0792,14.497,19.036,3.1655,1.8987,6.0697,15.412,18.769,3.0995,3.5274,6.4144,15.758,18.929,3.0991,1.0879,2.278,7.4114,8.8611,3.1008,0.29069,3.8744,9.5625,11.87,3.1007,2.3178,4.8952,10.431,13.009,3.0999,0.13968,2.2787,8.7139,10.495,3.1359,0.12138,4.0297,10.354,12.979,3.0992,0.52735,3.8733,9.2699,10.875,3.1351,1.048,3.5613,9.1747,10.699
4.9333,2.7585,5.1152,14.667,18.877,3.1993,2.033,6.2332,15.725,19.115,3.1335,3.459,6.5818,15.948,19.229,3.1336,0.59682,2.4008,7.9415,9.4656,3.1351,0.68598,4.0487,9.9552,11.864,3.1337,2.2017,5,10.78,13.377,3.1323,0.20524,2.1644,9.3061,11.458,3.1686,0.032356,3.2645,10.757,12.758,3.1322,0.55632,2.8529,9.704,11.314,3.168,0.85244,3.5019,9.5014,11.302
4.9687,1.2558,5.2502,15.385,19.749,3.2324,2.1502,6.2756,15.81,19.26,3.1664,3.4415,6.3872,16.417,19.664,3.1684,1.0238,2.5378,8.0438,9.8874,3.1677,0.20682,4.0856,10.627,12.349,3.1679,2.176,5.0112,11.288,13.479,3.1651,0.18457,2.5122,9.7551,11.901,3.2017,0.068778,3.43,11.252,13.219,3.167,0.51004,3.1319,10.36,11.87,3.2008,0.70164,3.6487,10.367,11.802
5.0355,0.30655,4.78,15.144,19.343,3.2652,2.1806,6.1473,15.893,18.617,3.2327,3.3735,6.0641,15.836,18.481,3.2004,0.66315,2.4425,8.965,10.635,3.2015,0.52341,2.7178,11.05,12.635,3.2008,2.0988,4.7667,11.368,13.14,3.2001,0.18775,2.5796,10.49,12.496,3.2357,0.040186,3.5735,11.936,13.986,3.1989,0.50165,3.4512,11.009,12.553,3.2355,0.50196,3.6,10.788,12.4
5.0681,0.16861,4.4566,15.172,19.243,3.3002,0.61374,5.5096,15.658,17.676,3.267,2.067,5.8591,16.252,18.564,3.2334,0.87894,2.5825,8.9049,10.75,3.2356,0.73338,3.071,10.902,12.654,3.2333,2.0326,4.2815,11.361,12.952,3.2329,0.29364,2.0697,9.6428,11.948,3.2687,0.024912,3.4765,12.047,14.131,3.2319,0.48783,3.7916,11.462,12.862,3.2684,0.46235,3.6863,11.049,12.57
5.101,0.3409,4.1495,15.72,19.555,3.3321,1.1452,5.1596,15.669,17.959,3.2991,2.1195,5.5635,16.635,18.645,3.2684,1.1811,2.5163,9.508,11.157,3.2681,0.96404,2.6582,11.146,12.974,3.2678,1.9897,3.6071,11.274,13.772,3.2648,0.28062,1.9561,10.098,12.235,3.3014,0.085584,3.2114,12.657,14.689,3.2671,0.47984,3.5229,11.839,13.389,3.3007,0.34568,2.953,11.494,13.074
5.1685,0.0060557,3.3688,15.15,18.944,3.365,1.3742,4.9091,15.534,17.647,3.334,2.1492,5.2707,16.504,18.795,3.3011,1.3232,2.1001,9.9095,11.524,3.3002,0.12199,2.4814,9.8873,13.048,3.2993,1.9004,3.4174,10.498,13.155,3.3001,0.31594,2.0333,10.306,12.41,3.3357,0.1103,3.219,13.045,15.134,3.2988,0.48078,3.5569,12.21,13.747,3.3355,0.26566,2.8775,11.551,13.288
5.2007,0.70119,3.5972,16.078,19.842,3.4001,0.043841,3.8516,14.688,16.483,3.3658,1.2759,5.0446,16.734,18.914,3.334,0.55282,1.4764,10.665,12.12,3.3352,0.67879,2.7611,10.863,13.406,3.3332,0.48511,3.0555,11.228,13.464,3.3328,0.25089,2.0982,10.734,12.69,3.3687,0.075298,3.4585,13.557,15.947,3.3326,0.49007,3.6542,12.548,14.146,3.3664,0.27609,2.95,11.87,13.703
5.2337,1.0518,3.0415,14.993,18.405,3.433,1.3009,2.7646,12.811,14.546,3.3998,2.6795,4.3477,15.856,17.923,3.3684,2.7107,2.3221,10.086,11.584,3.367,2.6832,2.8603,10.425,12.621,3.3671,2.4585,2.9756,10.894,12.89,3.3645,1.5045,1.6866,10.13,11.881,3.4011,1.6528,2.9548,13.009,15.288,3.3671,1.2607,2.8245,11.923,13.425,3.4004,1.9999,2.5095,11.328,12.922
5.2689,0.59302,3.4753,16.807,19.301,3.4673,1.0012,2.7463,13.05,14.416,3.4341,2.092,4.3251,16.558,18.199,3.4009,2.6971,2.6127,11.405,12.324,3.4001,1.0597,2.2189,11.61,12.752,3.3999,2.4251,3.2905,12.146,13.766,3.4001,1.2571,1.8385,11.128,12.498,3.4351,1.4043,3.2434,14.255,16.055,3.3994,1.0129,3.0906,13.236,14.301,3.4356,1.7007,2.702,12.673,13.576
5.3005,1.126,3.3013,16.731,19.534,3.5,1.5849,2.7725,12.415,14.044,3.4646,3.1091,4.743,15.661,17.867,3.4337,3.5385,3.3892,11.146,12.665,3.4351,2.4456,2.7183,11.284,13.079,3.4329,3.1465,3.8001,12.111,14.231,3.4324,1.8558,1.8865,10.802,12.794,3.4679,1.9396,3.6788,13.987,16.277,3.4324,1.5661,3.3688,12.901,14.57,3.4685,2.2134,3.1381,12.353,13.853
5.3343,1.3318,3.6335,16.887,19.967,3.5331,1.6585,2.6596,12.034,13.531,3.4985,3.1353,3.7807,14.965,18.314,3.4678,3.1727,3.4366,11.628,13.93,3.4682,3.1018,2.753,11.066,13.061,3.4679,3.5376,4.1488,12.385,14.593,3.4641,2.1663,2.0164,10.559,12.686,3.5009,2.2145,3.9096,13.988,16.408,3.467,1.8412,3.6079,12.999,14.798,3.5011,2.549,3.2807,12.441,14.136
5.4685,2.0264,2.422,14.606,19.262,3.5655,1.8723,2.641,11.695,13.295,3.5341,3.7188,3.6271,14.577,17.844,3.5008,3.7796,3.8979,11.717,14.502,3.5022,3.5373,3.3035,10.792,12.993,3.4997,3.8595,4.5146,12.616,15.106,3.5,2.4235,2.2555,10.665,12.998,3.5359,2.4412,4.0116,14.056,16.73,3.4992,2.0842,3.8949,13.154,15.143,3.5356,2.7521,3.4504,12.533,14.53
5.502,1.5599,2.6765,13.956,19.212,3.6,1.678,2.2793,11.522,13.182,3.5663,4.0732,4.131,14.121,17.474,3.5326,4.0287,4.1194,11.864,14.893,3.5347,3.5654,3.4909,10.882,13.118,3.5337,4.0163,4.6508,12.975,15.673,3.5322,2.5159,2.1946,9.787,13.073,3.5677,2.5598,4.0464,14.149,16.832,3.5321,2.2001,3.6864,13.031,16.147,3.5679,2.9055,3.547,12.59,14.827
5.5338,0.74217,3.0152,15.137,19.777,3.6324,0.93913,2.1475,11.61,13.134,3.5992,3.687,4.0332,13.855,17.527,3.5684,3.5594,3.9798,12.193,15.255,3.568,2.855,3.2829,10.773,12.901,3.5679,2.9284,4.2938,13.237,16.126,3.5651,1.8371,1.9983,10.539,13.347,3.5993,1.8822,4.0449,14.319,16.961,3.5671,1.5862,3.6639,13.111,16.177,3.6007,2.227,3.4942,12.808,15.152
5.5684,0.27798,3.3829,15.612,19.67,3.6663,0.46118,1.845,10.998,12.48,3.6344,3.524,3.9904,13.733,17.083,3.6004,3.3726,3.9359,11.968,15.292,3.6014,2.4985,3.2077,10.133,12.558,3.6009,2.5303,4.2757,13.644,16.459,3.6002,1.5711,1.9308,10.644,13.39,3.6359,1.6041,3.694,14.19,16.742,3.5989,1.2855,3.4732,11.904,14.765,3.6356,1.9272,3.4106,12.959,15.018
5.5995,0.16924,3.6825,15.716,19.631,3.7001,0.19815,0.70772,10.447,13.285,3.6661,3.4331,3.9721,13.229,16.697,3.6343,3.236,3.8555,11.995,15.249,3.6353,2.1957,2.9905,10.086,12.171,3.6332,2.1827,4.1854,13.791,16.59,3.6319,1.372,1.782,10.675,13.5,3.6676,1.426,3.6099,14.056,16.37,3.6318,1.0996,3.1967,11.939,14.308,3.6685,1.6937,3.3659,13.046,15.192
5.6346,0.46827,3.6704,15.371,19.162,3.7321,0.018126,0.26897,9.3461,11.277,3.6984,3.3381,3.8347,12.79,16.143,3.6684,3.1829,3.7831,11.649,14.568,3.6681,2.0005,2.8336,9.4871,11.6,3.6679,1.9124,4.1578,13.728,16.245,3.6659,1.2307,1.8923,10.563,13.121,3.7004,1.2886,3.4448,13.02,15.668,3.667,0.91748,2.5871,10.646,13.308,3.7005,1.563,3.247,12.587,15.589
5.6685,0.80613,3.6271,14.862,18.471,3.7659,0.071888,0.072066,8.9519,10.736,3.734,2.7888,3.4891,12.364,14.733,3.7014,3.2038,3.6034,10.279,12.765,3.7011,1.934,2.7121,9.1843,11.01,3.7002,1.7191,4.022,13.304,15.675,3.7002,1.1643,1.8896,10.137,12.686,3.7357,1.2282,3.1181,12.645,15.945,3.6998,0.74676,2.2654,9.8544,11.99,3.7356,1.4977,2.8692,10.85,13.976
5.7014,1.0696,3.3456,14.182,17.694,3.8002,0.19705,0.1996,8.3986,10.134,3.7669,2.1402,2.9697,11.856,14.066,3.7356,3.2576,3.5022,9.7118,11.788,3.7351,1.6963,2.242,8.5807,10.922,3.733,1.4408,3.4686,12.316,14.599,3.7311,1.1108,1.7865,9.7969,12.324,3.7689,1.1733,2.7074,11.307,13.969,3.7325,0.63452,1.8764,8.9825,10.771,3.7673,1.4345,2.5732,10.681,13.172
5.7332,1.0306,2.2197,13.4,17.533,3.8317,0.44172,0.9545,8.7833,10.676,3.7988,2.1351,2.8384,10.682,13.959,3.7679,3.4854,3.1635,8.7484,10.994,3.7682,1.775,2.413,8.0693,9.9493,3.7679,1.4698,3.2497,11.589,13.635,3.7655,1.2827,1.4903,9.4486,12.063,3.8011,1.3241,2.2809,10.569,13.061,3.7671,0.71016,1.4573,7.8743,9.3803,3.8013,1.5633,2.5248,10.153,12.475
5.7686,1.2532,2.4298,12.799,16.548,3.8657,0.37189,0.74469,8.5075,10.647,3.834,1.9682,2.4583,9.4234,12.201,3.8008,3.659,3.3254,8.0494,9.8156,3.7999,1.779,2.354,7.2409,8.8773,3.8008,1.4613,2.7499,10.317,12.303,3.7994,1.363,1.1841,8.6495,11.263,3.8357,1.4298,2.1281,10.013,11.937,3.8,0.6665,0.98626,6.6424,8.0304,3.8356,1.6444,2.3277,9.5567,11.458
5.8014,1.5618,2.6015,10.311,14.098,3.8997,0.24101,0.564,7.9287,9.7715,3.8673,2.0169,2.3087,8.4089,11.876,3.8338,2.9028,2.5649,6.6795,8.3739,3.8352,1.636,1.5662,5.6706,7.4544,3.8337,1.4748,2.382,9.3557,11.007,3.8311,1.3437,1.2571,8.4656,11.138,3.867,1.5226,1.9247,9.2674,11.101,3.8335,0.6789,0.57856,4.6359,7.725,3.8684,1.6425,2.0328,8.917,10.613
5.8329,1.8397,2.7128,6.9369,13.023,3.9325,0.25766,0.47365,7.6902,10.049,3.8984,1.94,2.0532,8.5462,11.291,3.8683,2.6787,2.3467,5.9273,7.3437,3.8681,1.5518,1.3478,4.3097,7.0787,3.8679,1.5071,1.4811,8.4996,10.377,3.8653,1.3285,1.2683,8.153,10.542,3.9008,1.5046,1.7572,8.8054,10.57,3.8671,0.66269,0.56618,4.0464,6.8651,3.9009,1.5532,1.7362,8.3654,9.9004
5.8686,2.1592,2.6353,8.4019,13.539,3.9653,0.26155,0.32142,7.3972,9.3915,3.934,0.071871,0.70622,8.0059,11.946,3.9015,2.4323,2.1356,5.0915,5.9887,3.8996,1.5154,1.3365,4.105,6.0938,3.8995,1.3919,1.432,7.5841,9.8829,3.8991,1.2815,1.2247,7.5535,9.6713,3.9357,1.2972,1.355,8.1281,9.6961,3.8993,0.65918,0.56209,2.8287,5.5062,3.9356,1.485,1.46,7.5828,8.6973
5.9009,2.4602,2.5614,5.9024,11.191,3.9994,0.78294,0.83501,7.7269,9.4131,3.9671,0.76202,0.64051,7.7057,9.5642,3.9344,2.2449,1.992,3.913,4.762,3.9354,1.492,1.3247,3.7928,5.2239,3.9336,1.3744,1.444,6.832,8.6208,3.932,1.202,1.1536,6.4313,10.14,3.9687,1.1442,1.0375,7.5263,9.3081,3.9321,0.66314,0.57553,2.4284,4.3131,3.9691,1.401,1.2637,6.5237,7.8251
5.9347,2.7342,2.5369,6.0936,10.446,4.0322,0.78718,0.7025,7.2875,8.489,3.9992,1.1658,1.0363,8.1535,10.669,3.9687,2.0187,1.9633,3.1404,4.091,3.9666,1.471,1.289,3.2188,4.3658,3.968,1.3542,1.3901,5.9471,7.5495,3.9661,1.093,0.99042,5.8757,9.18,3.9994,1.0886,1.36,6.8006,8.1422,3.9671,0.58242,0.64411,1.7889,2.9439,4.0007,1.2739,1.0979,5.8886,7.3958
5.9685,3.2172,2.7152,6.1836,10.105,4.065,0.77817,0.65055,6.5978,10.39,4.0341,1.8327,1.8464,6.7494,8.2416,4.0013,1.8854,3.0413,1.7494,2.3047,4.0003,1.2913,1.113,1.4147,3.6554,4.0003,1.2927,1.2906,2.679,6.095,4,0.8751,0.77168,5.7872,8.6868,4.0357,0.9903,1.2474,6.3115,7.578,3.9999,0.5399,0.87071,0.3421,2.1626,4.0356,1.0923,1.2542,4.999,7.4235
6.0014,3.5091,2.8307,5.9083,9.4233,4.1001,0.80249,1.85,3.991,6.5191,4.0661,2.127,2.0121,5.7515,7.289,4.0353,1.7511,2.9071,1.0729,1.3364,4.0343,1.0317,0.91193,0.9955,2.7755,4.0343,1.1126,1.0382,2.4393,5.0553,4.033,0.020428,0.29991,5.1007,8.1248,4.0688,0.94207,1.2093,5.6518,7.5923,4.0317,0.49465,3.9197,1.614,0.70193,4.0665,1.051,1.1838,4.3959,6.437
6.0324,3.7935,3.1769,5.2386,8.4839,4.1319,0.81008,0.9492,4.2132,8.9851,4.0989,2.3679,2.1629,5.4816,6.7472,4.0686,1.6237,2.9218,0.89319,0.84152,4.068,0.81917,3.0561,0.55597,0.80992,4.0679,0.94147,0.83417,2.4325,4.3377,4.0657,0.81786,0.70796,5.0448,7.9976,4.1003,0.82874,1.4884,5.3963,8.1194,4.0671,0.25427,3.8895,2.0247,0.83009,4.0995,0.98959,1.118,2.8224,5.3189
6.0686,2.8895,2.4632,4.9719,8.052,4.1659,0.20809,2.8174,2.2813,4.3593,4.1342,1.4715,1.5716,4.5222,5.7697,4.1015,2.6632,3.7649,1.9212,1.7725,4.1001,0.26991,3.4146,2.0286,1.3399,4.1009,1.9337,1.6487,2.2681,3.4847,4.0999,0.1171,0.13415,3.2756,7.0819,4.1357,1.8459,1.9872,4.9568,7.5743,4.1,1.2017,4.1394,2.5822,1.0079,4.1356,1.9758,1.897,2.666,4.6879
6.1016,3.0276,2.5518,5.1552,7.7605,4.2003,0.00014007,1.9555,1.5733,5.4012,4.167,1.8233,1.8647,4.2793,5.5144,4.1339,2.5051,3.8685,2.8555,1.6613,4.1351,0.54766,3.7257,2.0676,1.6615,4.1339,1.7753,2.7751,1.0615,1.7267,4.1314,0.49811,0.47291,3.5232,8.087,4.1682,1.7747,1.8565,4.6452,7.3721,4.1326,0.85167,4.2805,2.6422,1.3158,4.1674,1.8342,1.8624,1.7374,4.7868
6.1356,2.6464,2.7789,4.2545,6.7185,4.2331,0.38524,4.0543,0.541,2.3962,4.1996,1.3606,1.69,3.852,5.2642,4.1684,0.49084,3.671,2.2401,1.3517,4.1681,0.31026,3.9401,2.5495,1.9042,4.1679,1.9394,3.1436,1.4141,1.1687,4.1655,0.33715,0.42107,2.5103,6.7009,4.2011,2.1268,2.0606,4.3617,7.2037,4.167,1.2014,4.5625,3.1641,1.5443,4.2011,2.2394,2.2842,1.9398,4.502
6.1685,2.269,2.5496,3.7401,6.374,4.2645,0.77067,3.7602,0.34264,1.8269,4.2341,0.81091,1.1337,3.8021,5.5273,4.2015,1.0817,3.7764,2.1187,1.1146,4.1999,0.45206,4.0196,2.6,2.223,4.1997,1.977,3.3572,1.5373,0.98374,4.1993,0.077981,0.16527,3.0985,7.4474,4.2357,2.4555,2.2059,3.9008,7.3829,4.1994,1.4067,4.626,3.0058,1.4224,4.2355,2.565,2.5784,2.1541,4.3449
6.2011,2.0226,2.3411,3.317,5.9268,4.3,1.0943,3.6081,0.38499,1.4398,4.2664,0.42063,0.89384,3.893,6.0788,4.2347,0.89822,3.6963,2.2344,1.1365,4.2351,0.15985,4.0161,2.4371,2.2568,4.2337,0.85973,2.8842,0.75535,0.88606,4.2313,0.26396,0.21179,3.4386,7.4572,4.268,2.743,2.3737,3.7723,7.3013,4.2323,1.6742,4.6819,3.0643,1.1352,4.2671,2.8844,3.973,2.4917,2.3994
6.235,1.7086,2.2399,3.0943,5.6506,4.3324,1.4063,3.6137,0.50815,1.3878,4.2994,0.057804,0.71543,4.0771,6.3759,4.2685,0.60425,3.7287,2.0999,1.1509,4.2681,1.4324,4.6508,3.8688,3.6324,4.2679,1.1539,4.3849,1.6503,0.66156,4.2652,0.59218,0.48085,3.8248,7.5797,4.2998,3.0904,2.6409,3.975,7.3261,4.267,2.0425,4.7244,2.8411,0.99305,4.3009,3.24,4.0604,2.486,2.3282
6.268,1.4305,3.8737,2.4372,4.4738,4.3652,1.6942,3.5969,0.63175,1.4723,4.334,0.39664,0.68306,3.1666,5.8609,4.3014,0.5288,3.6874,1.835,1.2117,4.3007,1.932,5.0453,4.2391,4.3198,4.301,1.4325,4.071,1.0372,0.69741,4.3001,0.87747,0.7032,2.6722,6.859,4.3357,3.4443,2.9238,4.3354,7.2823,4.299,2.3913,4.625,2.4955,1.0231,4.3355,3.4676,4.1855,2.5678,2.4617
6.3014,1.2697,3.7843,2.3114,4.1886,4.3994,1.9804,3.7892,0.81429,1.4679,4.3664,0.63479,0.92923,3.3225,5.7181,4.3334,0.60582,3.8873,2.2886,1.4111,4.3353,1.6267,5.2423,4.2398,4.2699,4.3335,1.5302,4.0534,0.74434,0.94909,4.331,1.0253,1.9383,1.5825,4.7634,4.367,3.3033,2.8604,2.7659,5.7119,4.332,2.5046,4.8356,2.4814,1.0106,4.3678,3.607,4.367,2.6554,2.2621
6.3337,1.2175,2.125,3.521,6.4338,4.433,2.1653,3.9326,0.93114,1.6964,4.3992,0.80904,1.0827,3.3821,5.4994,4.3684,1.2547,4.2129,3.0208,1.7639,4.3675,1.3629,5.3616,4.3857,4.374,4.3674,1.5451,3.982,0.53736,1.2821,4.3649,1.1143,2.0203,1.7387,4.4501,4.4005,1.7929,1.7716,2.1817,5.4944,4.367,2.5894,4.9373,2.3216,1.1734,4.4017,3.7259,4.4501,2.6349,2.2555
6.3687,1.0894,1.9831,3.5785,6.0599,4.466,2.3272,3.987,1.0613,1.7327,4.434,0.99136,1.3862,3.1651,5.1207,4.4003,0.29157,4.5769,3.0182,2.7123,4.4003,1.121,5.4081,4.2471,4.3621,4.4003,1.6241,3.9256,0.62641,1.3019,4.3999,1.2926,2.1009,1.8677,4.1742,4.4358,1.6942,1.7963,2.3664,5.0725,4.4002,2.6736,5.1162,2.2206,1.3847,4.4355,3.8762,5.8487,2.6106,2.0682
6.4015,1.0123,1.8746,3.4793,5.8178,4.5002,2.4801,4.0594,1.1929,1.7558,4.466,1.1465,1.7085,3.1568,4.8256,4.433,0.042021,5.0613,3.2378,3.4357,4.4351,0.91768,5.3907,4.1805,4.445,4.4333,1.7661,3.8422,0.59988,1.5527,4.4317,1.3599,2.1364,2.4586,4.8861,4.4686,1.5856,1.8163,2.4336,5.0324,4.4339,2.7314,5.2421,2.6242,1.7487,4.4674,3.7983,5.3812,2.4452,2.0133
6.4346,0.9293,5.0988,2.0081,3.1904,4.5329,2.5802,4.147,1.2571,1.6622,4.4988,1.2099,1.9424,3.0421,4.706,4.4674,0.057651,5.3135,3.3752,3.7154,4.4657,0.0024536,4.9454,3.4162,3.675,4.4679,1.8372,3.8101,0.58894,1.7259,4.4644,1.4259,2.2111,2.5051,4.7376,4.5013,1.5421,1.9378,2.36,4.7266,4.467,1.9721,5.1893,2.331,1.6273,4.5004,2.5641,5.6687,1.4935,0.7911
6.4686,0.85889,5.0113,1.9271,2.84,4.5658,2.6755,4.2189,1.3387,1.6358,4.534,1.3009,2.0806,2.9338,4.4505,4.5013,0.32245,5.5935,3.6043,4.2053,4.5,0.055536,5.0289,3.424,3.7362,4.5012,1.8863,3.789,0.62105,1.8019,4.5,1.3249,2.2313,2.4187,4.4927,4.5357,1.5019,4.4158,0.64321,2.6497,4.5001,1.5556,5.2411,2.3474,2.0707,4.5356,2.081,5.6823,1.3099,0.6691
6.5016,0.87578,5.0464,1.9164,2.5716,4.6002,2.6519,4.2963,1.2827,1.4278,4.567,2.7293,3.07,2.8481,4.0302,4.5341,0.48152,5.7918,3.8601,4.7106,4.5352,0.081683,5.1926,3.4698,3.9522,4.534,1.9776,3.7459,0.73122,1.738,4.5325,1.1976,2.3344,2.0132,3.7212,4.5686,1.4461,5.4949,0.41804,2.1628,4.5325,1.4114,5.4316,2.7205,2.6005,4.5686,1.8214,5.6588,1.3653,1.2508
6.5342,1.1882,5.2256,2.1697,2.5732,4.633,2.6911,4.4385,1.2656,1.3194,4.5996,2.3422,2.9411,2.6863,3.8336,4.5678,0.49716,5.946,4.0024,5.0239,4.5681,0.57937,5.0354,3.0864,3.4051,4.5678,1.6897,3.7399,0.48645,1.4447,4.5654,1.2506,2.4468,1.8192,3.2842,4.6012,1.427,4.6219,0.071978,1.6368,4.5671,1.317,5.738,3.025,3.1653,4.6011,1.7452,5.8583,1.5868,1.7744
6.5685,1.129,5.2152,2.1269,2.4125,4.6654,2.7139,4.5444,1.2289,1.2314,4.634,2.1789,2.9092,2.6025,3.4004,4.6013,0.2068,6.0049,4.1489,5.3306,4.6008,0.45042,5.1579,3.174,3.494,4.5998,1.7453,3.6921,0.58695,1.3229,4.6005,1.1189,2.6033,1.214,2.7517,4.6356,1.4044,4.6211,0.22962,1.1107,4.5992,1.2922,5.9766,3.5292,3.8979,4.6356,1.8594,5.8649,2.0503,2.3638
6.6011,0.83517,5.1023,1.8831,2.1186,4.7,2.7592,4.6223,1.243,1.2347,4.6664,2.0209,2.9871,2.2665,2.8909,4.6326,0.039906,6.0554,4.4149,5.479,4.6352,0.83245,5.0031,2.9579,3.1907,4.6336,1.8247,3.6398,0.70392,1.4879,4.6321,1.1913,2.7235,0.74666,2.0625,4.6678,1.3376,4.7127,0.49646,0.48985,4.6332,1.2156,6.1422,3.5795,4.2435,4.6679,1.8909,5.8676,2.21,2.7963
6.6329,0.80898,5.2078,1.889,2.0531,4.733,2.8248,4.6709,1.2931,1.2814,4.6994,2.0394,3.1398,2.1256,2.3842,4.6685,0.85207,5.435,3.6962,4.6336,4.6676,0.7961,5.1272,3.0065,3.3532,4.668,1.8555,3.6012,0.6748,1.5372,4.6642,1.244,2.8744,0.63258,1.5719,4.7019,1.3402,4.756,0.81999,0.17037,4.667,1.3062,6.1945,4.2516,4.3397,4.7007,1.8724,6.0922,3.4329,3.3259
6.6685,0.76922,5.0291,1.8014,2.0245,4.7671,2.7794,4.4468,1.3671,1.3652,4.734,2.9357,3.7586,2.274,2.262,4.7015,1.2829,5.2522,3.3291,4.3736,4.7016,1.1234,4.8114,2.3911,2.8039,4.7009,1.8916,3.2937,1.135,2.0554,4.7,1.3011,5.3689,0.75119,0.31195,4.7359,1.3389,4.5906,0.68722,0.31295,4.6989,1.2991,5.9593,3.5411,4.5042,4.7348,1.915,5.8863,3.0303,3.2486
6.7007,0.7706,5.1572,1.8475,1.9915,4.8001,2.7592,4.5499,1.2923,1.2936,4.767,2.5053,4.0113,1.6138,1.4409,4.7333,1.3014,5.5615,3.5721,4.6877,4.7352,0.9819,4.9233,2.5303,3.0555,4.7334,1.8739,3.3213,1.2768,2.2926,4.732,1.3103,5.4159,1.0342,0.7512,4.7674,1.367,4.7605,0.85289,0.69862,4.7329,0.6261,6.1,4.1344,4.6134,4.7684,1.961,5.9122,3.0068,3.3442
6.7346,0.78312,5.2979,1.9079,2.0576,4.833,2.7604,4.6437,1.2524,1.2494,4.799,2.2718,4.209,1.1385,1.0036,4.7674,1.2775,5.7691,3.7282,4.7273,4.7685,1.1932,2.9766,1.116,1.2626,4.7678,1.8489,3.3125,1.4528,2.8655,4.7659,1.2993,5.4815,1.501,1.2714,4.8015,1.3047,4.9512,1.1535,1.1418,4.7671,0.6946,6.1749,4.1083,4.6341,4.8007,1.9052,6.2499,3.1554,3.5038
6.7675,0.78132,5.398,1.953,2.0894,4.8651,2.7521,4.7219,1.2206,1.2096,4.8342,2.0734,4.5135,0.66665,0.71496,4.8,1.5025,5.9161,3.8078,4.6231,4.8012,1.287,3.7963,1.9487,2.4906,4.8002,1.6428,1.4623,2.808,5.0506,4.8,1.2975,5.582,1.7462,1.5893,4.836,1.2702,5.2073,1.562,1.649,4.8001,0.72899,6.3258,4.1302,4.7975,4.8357,1.8244,5.0732,2.5733,2.8808
6.8014,0.77158,5.4941,1.9656,2.15,4.9002,2.7136,4.8084,1.1536,1.1526,4.867,2.6424,5.2078,1.1109,1.4045,4.8341,1.5071,6.0835,3.7242,4.3532,4.8352,0.92601,4.8303,2.6216,3.6385,4.8332,1.7716,1.513,3.405,5.9103,4.833,1.3427,5.6493,1.9149,1.9645,4.8686,1.2891,5.4994,1.5867,2.0077,4.8316,0.81306,6.3747,3.9663,4.6659,4.8686,1.7708,5.005,2.3986,2.723
6.8343,0.71074,5.5594,1.9337,2.1446,4.933,2.7772,4.8403,1.1972,1.2123,4.8989,1.2516,5.4862,0.78853,1.3873,4.8679,1.2407,6.3437,3.9472,4.5469,4.867,1.2188,4.5248,3.0165,3.2534,4.8681,1.9256,1.5962,3.5755,5.9935,4.8655,1.4208,5.8318,2.0948,2.1637,4.9001,1.3375,5.8366,1.6683,2.2132,4.867,0.90574,6.4239,3.8221,4.5137,4.9026,1.8403,4.9642,2.2889,2.6693
6.8687,0.64964,5.7131,1.9141,2.132,4.9658,2.8655,4.8773,1.2779,1.3569,4.9339,0.72269,5.605,1.1721,1.7185,4.902,1.5416,6.2488,3.6599,4.125,4.9009,1.4314,4.4864,2.5097,3.4839,4.9008,2.1692,1.7231,4.3358,7.5018,4.9,1.4955,5.8639,2.1679,2.252,4.9357,1.3921,6.0415,1.7249,2.4351,4.8996,1.0022,6.4424,4.9005,4.3025,4.9355,1.8968,4.9307,2.1952,2.5676
6.9015,0.63268,5.8202,1.9179,2.1768,4.9995,2.8344,4.8601,1.2881,1.6748,4.9669,0.83221,5.7965,1.2264,1.7555,4.9348,1.8815,6.1163,3.3137,3.3761,4.9352,1.5846,4.3925,2.7203,2.7705,4.9328,2.2904,1.843,5.2761,9.7357,4.9324,1.5377,5.9795,2.185,2.3265,4.9681,1.4381,6.1879,2.3001,2.3363,4.9341,1.0439,6.4319,2.9902,3.9072,4.9684,2.0013,4.8384,2.0351,2.1663
6.9329,0.58707,5.9121,1.9075,2.2782,5.0325,2.9004,4.8681,1.3947,1.949,4.9996,0.48293,5.9687,1.4735,1.8583,4.9677,2.1279,6.0489,3.0524,2.8602,4.9681,1.6504,3.5174,2.0362,1.9376,4.9679,2.3951,3.5413,8.4347,13.922,4.9652,1.6222,6.0245,2.166,2.3192,5.001,1.5099,6.298,2.3661,2.2172,4.9672,1.1229,6.4749,3.4472,3.5767,5.002,2.0157,4.8186,1.9403,1.774
6.9684,0.58545,6.1496,1.9585,2.35,5.0654,2.9517,4.8621,1.5054,2.3249,5.034,0.77291,6.1639,1.3952,1.8307,5.0006,2.2523,6.028,2.8711,2.5557,5.0006,1.7025,3.9419,2.3099,2.2698,4.9997,2.5685,4.0914,10.788,16.723,4.9999,1.6874,6.1486,2.2542,2.4805,5.0357,1.5309,6.4202,2.4426,2.2364,5,1.1804,6.4707,3.2775,3.2418,5.0355,2.0464,4.812,2.4694,1.6009
7.001,0.50981,6.2685,1.9321,2.2851,5.1002,2.9763,4.8457,1.6797,2.634,5.0663,0.31252,6.4946,2.0048,2.4107,5.0335,2.3765,5.9893,2.7289,2.2926,5.0346,1.7789,3.4471,1.5115,1.6824,6.7,4.6311,7.2085,16.902,19.422,5.032,1.7749,6.373,2.3959,2.5911,5.0687,1.6176,6.5133,2.5353,2.1695,5.033,1.254,6.4821,3.1571,3.0303,5.0679,2.0705,4.7787,2.3518,1.3651
7.0347,0.48595,6.452,1.9648,2.2705,5.133,3.0775,4.8609,1.7632,2.9176,5.0983,0.64467,6.9653,2.2064,2.5957,5.0684,2.2971,6.0413,2.7326,2.217,5.0675,1.865,3.9141,1.7926,1.9783,6.7329,4.467,6.9509,15.745,18.168,5.065,1.8284,6.6421,2.6315,2.5749,5.1006,1.7042,6.6436,2.4869,1.9377,5.0657,1.3049,6.4846,3.0945,2.7829,5.1009,2.0923,5.8162,2.9676,2.069
7.0685,0.47322,6.5907,2.0166,2.2492,5.1652,3.0886,4.8675,1.7763,3.0671,5.1341,0.70248,8.2366,3.9263,4.4363,5.1004,2.4431,6.0158,2.6823,2.0637,5.1004,1.9743,3.9281,1.9862,1.4405,6.7669,4.2272,6.5332,14.866,17.424,5.1004,1.8863,6.7876,3.4618,2.622,5.1358,1.7243,6.6715,2.4498,1.837,5.1,1.4381,6.306,2.9913,2.5648,5.1356,2.0908,5.4109,3.704,1.9537
7.1008,0.51854,6.6703,2.1312,2.2362,5.2001,3.0721,4.8082,1.8447,3.1497,5.1669,0.025536,8.086,3.7307,4.3039,5.1332,2.5307,5.9455,2.5948,1.9492,5.1351,2.0145,3.9511,1.8385,0.85197,6.8008,4.0581,6.2697,11.766,16.048,5.1318,1.8756,6.8349,3.994,2.8898,5.1688,1.6994,6.6601,2.8047,1.8901,5.1329,1.4423,6.2956,2.9411,2.4817,5.1684,2.0362,5.1595,3.2811,1.6337
7.1345,1.7207,6.6845,2.9181,3.1822,5.2331,1.7286,4.25,1.5841,3.4146,5.1999,0.88347,7.94,3.9439,4.5226,5.1686,1.441,5.4679,2.1017,1.4039,5.1674,0.80645,3.004,1.036,0.45117,6.8328,2.747,5.5404,12.185,15.733,5.1658,0.67442,6.6011,3.7881,2.7618,5.2014,0.52445,6.3966,2.6627,1.8428,5.167,0.28866,6.1192,2.8555,2.4405,5.2005,0.88005,4.6841,2.7666,1.3664
7.1685,1.4727,6.7472,2.8084,2.9576,5.2658,1.929,4.3762,1.5036,3.2084,5.234,0.20829,7.9204,4.1244,4.5489,5.2014,1.7178,5.5821,2.1917,1.3661,5.2012,1.0862,3.3154,1.2443,0.60493,6.868,2.8968,5.3409,10.416,14.393,5.1993,0.94274,6.8155,3.8835,2.9892,5.2357,0.78507,6.4964,2.376,1.6226,5.2,0.54423,6.2269,2.9098,2.4721,5.2357,1.1002,4.8154,2.7462,1.3673
7.2017,1.9795,6.787,3.1566,3.3013,5.3001,1.3334,4.141,1.5441,3.383,5.2669,1.9518,8.4539,5.3566,5.9387,5.2341,1.2174,5.3826,1.9911,1.2706,5.2352,0.53923,3.1533,0.90786,1.097,6.9008,2.1557,4.8145,10.678,14.037,5.2329,0.41091,6.7479,3.8725,3.1601,5.2686,0.26821,6.3696,2.5616,1.8083,5.2325,0.039579,6.108,2.9321,2.6237,5.2674,0.59259,4.6454,2.6335,1.5175
7.2342,2.4287,6.9453,3.5255,3.6455,5.3331,1.0141,4.0445,1.5852,3.4839,5.2998,2.9882,9.1506,6.4146,7.0446,5.2679,1.0348,5.2494,0.72919,0.99531,5.2681,0.33503,2.9054,0.72712,1.7525,6.9335,1.8309,4.4885,10.415,13.894,5.2644,0.17395,6.7491,3.8988,3.1208,5.3013,0.062927,6.359,2.3301,1.8186,5.2665,0.18022,6.0862,2.9768,2.6366,5.3002,0.36824,5.2646,3.0878,2.1207
7.2685,2.595,7.0007,3.6697,3.7541,5.3672,0.77424,3.9607,1.5891,3.5196,5.334,2.078,8.6603,5.8026,6.3552,5.3009,0.86463,5.1883,1.5133,1.0182,5.301,0.2765,3.111,1.1279,1.8303,6.9678,1.5621,4.0256,10.064,12.633,5.2999,0.042434,6.7374,3.9387,3.0428,5.3359,0.11541,6.3733,2.5644,2.0617,5.2985,0.35845,6.095,3.0755,2.8413,5.3356,0.20325,4.9635,3.0651,2.2722
7.3016,2.6917,7.1107,3.7986,3.7889,5.4001,0.66004,3.9033,1.5946,3.3934,5.3669,1.7647,8.5738,5.7077,6.1935,5.3338,0.72483,5.245,0.68023,0.90465,5.3352,0.55868,3.2531,1.4644,1.9316,7.0008,1.3623,3.6291,9.7386,11.781,5.3323,0.068815,6.7869,4.0033,3.1238,5.3679,0.24859,6.4378,2.7053,2.2468,5.3308,0.47058,6.1564,3.17,3.0431,5.3669,0.085019,5.2759,3.1903,2.5066
7.334,2.0748,7.0689,3.4326,3.3253,5.4324,1.2942,3.9951,1.3803,3.3172,5.3995,0.94354,8.5276,5.585,6.043,5.3685,1.2388,5.3646,0.65283,0.88072,5.3681,0.072338,3.2525,1.076,1.5483,7.0341,1.9035,3.451,8.6097,11.029,5.3652,0.56408,6.8406,3.981,2.9873,5.4008,0.35888,6.5057,2.4096,1.9596,5.3669,0.12824,6.2213,3.1175,3.046,5.4,0.67402,5.0771,3.1561,2.5587
7.3685,2.0685,7.1034,3.4761,3.36,5.4655,1.333,3.9138,1.4621,3.3645,5.4333,0.57085,8.36,5.3517,5.8369,5.3995,1.3061,5.2673,0.56895,0.61925,5.3997,0.19379,3.2889,1.2018,1.519,7.0671,1.9412,2.084,7.2336,8.4343,5.4005,0.5752,6.3237,3.7113,2.7794,5.4358,0.32851,6.4851,2.3492,1.9254,5.3999,0.1199,6.2239,3.1041,3.1119,5.4355,0.67145,4.9447,3.0848,2.6063
